course_id,course_name,category,instructor,launch_date,course_duration
1,Assimilated fresh-thinking emulation,AI & Machine Learning,Angela Dalton,2023-08-07,436
2,Persistent needs-based workforce,Health,Ariel Wallace,2023-09-02,83
3,Distributed maximized info-mediaries,Health,Ariel Wallace,2024-03-15,363
4,Intuitive zero tolerance collaboration,Business,Angela Dalton,2023-12-08,439
5,Horizontal empowering conglomeration,Data Science,Jennifer Fritz,2022-08-27,110
6,Operative user-facing hierarchy,Web Development,Helen Myers,2023-10-30,76
7,Phased fault-tolerant help-desk,Data Science,Linda Acosta,2023-07-19,463
8,Synchronized multi-tasking frame,AI & Machine Learning,Helen Myers,2022-06-20,283
9,Inverse system-worthy Internet solution,Data Science,Angela Dalton,2025-03-07,589
10,Phased heuristic productivity,Health,Margaret Conley,2024-09-20,561
11,Stand-alone even-keeled Graphic Interface,Business,Randall Griffin,2023-03-19,531
12,Centralized 5thgeneration support,Health,Margaret Conley,2023-12-08,341
13,Streamlined even-keeled access,Web Development,Kathleen Jackson,2024-06-20,87
14,Customizable composite secured line,Data Science,Jennifer Durham,2023-01-18,435
15,Decentralized fresh-thinking leverage,Web Development,Jennifer Fritz,2025-05-24,192
16,Multi-tiered user-facing firmware,Business,Ariel Wallace,2024-11-26,71
17,Customizable 4thgeneration pricing structure,Data Science,Helen Myers,2024-10-11,282
18,Digitized full-range algorithm,Web Development,Tyler Gonzales,2025-05-18,153
19,Reverse-engineered neutral forecast,Health,Randall Griffin,2025-01-27,168
20,Multi-lateral disintermediate hub,Health,Kathleen Jackson,2023-01-25,271
21,Quality-focused zero-defect open system,AI & Machine Learning,Linda Acosta,2022-12-06,83
22,Polarized composite Graphic Interface,Web Development,Tyler Gonzales,2023-02-05,96
23,Configurable system-worthy initiative,Web Development,Randall Griffin,2022-08-01,219
24,Universal leadingedge knowledge user,Data Science,Helen Myers,2025-05-04,292
25,Function-based zero-defect parallelism,AI & Machine Learning,Helen Myers,2024-03-10,99
26,Future-proofed background instruction set,Web Development,Helen Myers,2024-05-07,81
27,Profit-focused composite secured line,Data Science,Randall Griffin,2024-06-29,86
28,Inverse didactic contingency,Health,Jennifer Fritz,2022-12-12,335
29,Distributed intangible archive,Business,Jennifer Fritz,2025-05-23,527
30,Focused responsive alliance,AI & Machine Learning,Ariel Wallace,2023-11-11,401
31,Virtual didactic implementation,Data Science,Ariel Wallace,2023-04-10,295
32,Diverse global installation,Web Development,Jennifer Fritz,2024-03-23,431
33,Reduced holistic forecast,Data Science,Ariel Wallace,2023-09-06,121
34,User-friendly modular methodology,Web Development,Jennifer Durham,2024-04-13,125
35,Enhanced disintermediate website,Data Science,Jennifer Durham,2025-05-08,518
36,Customer-focused human-resource Local Area Network,Web Development,Jennifer Fritz,2023-08-10,262
37,Optimized zero administration function,Data Science,Jennifer Fritz,2023-06-17,583
38,Multi-tiered object-oriented application,Health,Angela Dalton,2022-08-07,507
39,Self-enabling interactive hardware,Health,Ariel Wallace,2024-12-28,74
40,Configurable foreground initiative,Web Development,Helen Myers,2023-12-02,342
41,Front-line multi-tasking parallelism,Business,Margaret Conley,2025-04-01,119
42,Fully-configurable content-based toolset,Data Science,Angela Dalton,2024-07-04,479
43,Automated radical access,Web Development,Helen Myers,2025-01-06,363
44,Adaptive zero-defect ability,Web Development,Jennifer Fritz,2023-08-16,91
45,User-centric upward-trending functionalities,Business,Margaret Conley,2025-02-24,98
46,Fully-configurable optimal orchestration,Web Development,Jennifer Durham,2024-07-19,541
47,Operative human-resource help-desk,AI & Machine Learning,Kathleen Jackson,2025-03-29,172
48,Proactive needs-based middleware,Data Science,Jennifer Durham,2023-06-09,91
49,Secured modular matrix,Web Development,Helen Myers,2023-12-14,252
50,Streamlined well-modulated structure,Health,Jennifer Durham,2024-07-05,271
51,Compatible grid-enabled methodology,Data Science,Angela Dalton,2023-08-25,263
52,Team-oriented systematic algorithm,AI & Machine Learning,Margaret Conley,2022-07-16,102
53,Fully-configurable multi-tasking frame,Health,Helen Myers,2023-04-30,149
54,Multi-lateral homogeneous synergy,AI & Machine Learning,Margaret Conley,2023-07-24,95
55,Triple-buffered global forecast,AI & Machine Learning,Randall Griffin,2023-02-06,133
56,Synergistic user-facing algorithm,Data Science,Linda Acosta,2022-10-10,460
57,Open-source context-sensitive concept,Web Development,Ariel Wallace,2023-07-08,487
58,Self-enabling mission-critical process improvement,Health,Linda Acosta,2023-08-17,110
59,Monitored responsive solution,AI & Machine Learning,Kathleen Jackson,2025-02-05,386
60,De-engineered web-enabled circuit,Health,Kathleen Jackson,2022-09-21,584
61,Re-engineered zero tolerance matrices,Health,Helen Myers,2022-07-23,186
62,Enterprise-wide homogeneous contingency,Business,Ariel Wallace,2023-06-11,101
63,Re-engineered upward-trending time-frame,Health,Angela Dalton,2022-11-10,165
64,Future-proofed uniform middleware,Health,Jennifer Durham,2023-12-14,182
65,Vision-oriented motivating data-warehouse,AI & Machine Learning,Jennifer Durham,2024-09-01,254
66,Vision-oriented homogeneous artificial intelligence,Health,Jennifer Fritz,2025-03-15,148
67,Reduced encompassing collaboration,Business,Ariel Wallace,2025-02-15,148
68,Managed mobile frame,Data Science,Linda Acosta,2024-08-18,228
69,Profit-focused motivating artificial intelligence,AI & Machine Learning,Jennifer Fritz,2025-02-22,164
70,Assimilated national system engine,Data Science,Angela Dalton,2025-02-26,79
71,Horizontal high-level service-desk,Web Development,Ariel Wallace,2025-05-06,586
72,User-friendly regional encoding,Health,Jennifer Durham,2024-09-27,195
73,Innovative demand-driven strategy,AI & Machine Learning,Tyler Gonzales,2022-11-17,248
74,Inverse client-server synergy,Web Development,Linda Acosta,2023-11-22,212
75,Synergized asymmetric artificial intelligence,Web Development,Tyler Gonzales,2024-11-17,249
76,De-engineered discrete forecast,Health,Angela Dalton,2023-06-06,241
77,Managed static firmware,Health,Jennifer Fritz,2024-02-05,147
78,User-centric actuating product,Data Science,Linda Acosta,2022-12-09,421
79,Advanced coherent database,Data Science,Ariel Wallace,2024-12-02,416
80,Extended analyzing toolset,AI & Machine Learning,Angela Dalton,2023-03-20,123
81,Customer-focused user-facing collaboration,AI & Machine Learning,Angela Dalton,2024-10-08,498
82,Right-sized solution-oriented ability,Business,Jennifer Durham,2023-10-31,67
83,Self-enabling analyzing standardization,Health,Angela Dalton,2022-06-20,275
84,Reactive multimedia archive,Health,Randall Griffin,2022-09-28,68
85,Extended needs-based hub,Web Development,Jennifer Durham,2024-06-01,96
86,Total exuding service-desk,AI & Machine Learning,Ariel Wallace,2022-11-02,171
87,Ameliorated stable methodology,Health,Helen Myers,2023-06-04,534
88,Right-sized bandwidth-monitored ability,Data Science,Linda Acosta,2023-05-16,103
89,Open-architected clear-thinking algorithm,Data Science,Tyler Gonzales,2024-10-11,272
90,Realigned high-level superstructure,Health,Jennifer Durham,2024-08-08,74
91,Quality-focused reciprocal initiative,Business,Helen Myers,2023-11-18,118
92,Synchronized non-volatile Graphical User Interface,Business,Kathleen Jackson,2023-02-10,113
93,Integrated hybrid application,Business,Kathleen Jackson,2023-10-30,91
94,Diverse transitional algorithm,Data Science,Helen Myers,2022-12-01,396
95,Persevering national success,Web Development,Helen Myers,2024-04-01,83
96,Self-enabling uniform open system,Web Development,Helen Myers,2023-04-04,100
97,Business-focused tangible neural-net,Health,Margaret Conley,2024-08-22,111
98,Sharable asymmetric secured line,Health,Ariel Wallace,2023-09-15,413
99,Triple-buffered impactful system engine,AI & Machine Learning,Helen Myers,2024-01-04,108
100,Implemented tertiary focus group,Business,Linda Acosta,2024-03-23,117
